Frequency,Monetary,Cluster
1,5,3
1,1,3
1,-2,3
1,2,3
1,12,3
1,24,3
1,24,3
1,6,3
1,2,3
1,1,3
1,1,3
1,12,3
1,1,3
1,1,3
1,48,3
1,12,3
1,6,3
1,12,3
1,1,3
1,1,3
1,1,3
1,6,3
1,12,3
1,1,3
1,1,3
1,1,3
1,12,3
1,24,3
1,-3,3
1,3,3
1,2,3
1,1,3
1,4,3
1,12,3
1,48,3
1,2,3
1,1,3
1,1,3
1,12,3
1,1,3
1,1,3
1,48,3
2,0,3
181,4299.8,1
31,1797.24,3
73,1757.55,3
17,334.4,3
95,1545.41,3
4,89,3
58,1079.4,3
13,459.4,3
59,2811.43,3
126,6101.11,1
19,1168.06,3
252,6228.73,1
128,2657.02,3
10,189.9,3
274,5154.58,1
23,552,3
84,1308.06,3
23,320.69,3
11,168.9,3
163,3412.19,1
63,1887.96,3
52,1298.04,3
14,364.6,3
33,742.93,3
18,455.42,3
76,1623.08,3
218,3957.62,1
41,850.29,3
105,2720.56,3
89,1782.51,3
98,1760.86,3
30,566.16,3
10,401.9,3
100,2780.66,3
32,549.84,3
99,456.21,3
63,1572.4,3
27,1272.48,3
159,2998.28,3
126,2409.9,3
85,1635.66,3
59,1108.65,3
5,84.3,3
11,225.6,3
6,409.7,3
54,1710.39,3
108,3280.75,1
77,1708.12,3
112,2832.37,3
114,11056.9,1
28,681.08,3
60,1217.52,3
40,694.15,3
18,562.41,3
773,121994,4
198,3578.8,1
34,668.58,3
29,600.39,3
46,806.27,3
39,803.56,3
126,1849.11,3
30,1760.96,3
36,777.2,3
30,582.73,3
35,708.37,3
294,7814.65,1
94,3656.8,1
11,256.4,3
239,6411.35,1
108,5059.32,1
416,13161.8,1
54,765.19,3
36,7829.89,1
16,509.01,3
201,4896.66,1
98,2906.85,3
11,173.55,3
12,172.06,3
176,4985.66,1
4,133.4,3
58,1002.31,3
26,476.49,3
22,449.45,3
188,4007.89,1
8,197.88,3
353,8915.04,1
23,428.57,3
43,707.09,3
30,-5.68434e-14,3
90,2466.86,3
129,3153.89,3
67,1912.74,3
38,947.4,3
35,826.88,3
72,1124.01,3
88,1303.63,3
29,1212.05,3
50,728.85,3
40,724.04,3
531,18740.9,0
387,6213.33,1
178,2843.67,3
456,7114.19,1
36,723.38,3
262,6531.46,1
306,12712,1
36,680.99,3
34,457.5,3
154,3281.63,1
218,5590.86,1
81,2327.13,3
342,4446.01,1
55,1298.66,3
15,334.93,3
245,5417.93,1
26,460.4,3
20,263.21,3
23,416.79,3
83,1126.75,3
14,1043.1,3
23,403.7,3
65,4206.27,1
157,2074.23,3
145,3691.32,1
1,-1126,3
15,114,3
1,-4.5,3
23,73.5,3
23,1258.06,3
69,398.27,3
7,176.5,3
33,982.57,3
34,138.03,3
36,586.79,3
51,1017.68,3
16,383.7,3
26,1312.06,3
285,2458.14,3
123,2051.85,3
18,340.84,3
147,2498.99,3
38,599.68,3
12,192.72,3
110,1745.57,3
144,4485.72,1
71,1316.66,3
18,348.71,3
95,1922.28,3
67,1618.59,3
17,125.22,3
16,349.83,3
63,1089.18,3
34,716.35,3
273,4106.82,1
21,363.95,3
274,3852.5,1
477,13273.3,1
52,981.18,3
20,355.7,3
50,1000.39,3
70,1141.5,3
8,207.8,3
5,95.2,3
57,964.83,3
10,168,3
19,418.02,3
192,3613.13,1
119,594.35,3
33,11991,1
22,2.66454e-14,3
22,536.21,3
111,2101.39,3
16,238.85,3
168,3781.74,1
21,456.9,3
10,131.17,3
20,346.7,3
462,9105.04,1
189,4025.39,1
34,519.61,3
62,1004.72,3
27,155.5,3
11,218.45,3
88,1287.18,3
146,594.1,3
120,2753.36,3
31,410.72,3
24,415.7,3
15,197.71,3
22,511.36,3
251,7187.34,1
123,1834.55,3
97,1982.81,3
12,179.94,3
4,144,3
10,214.9,3
34,636.68,3
70,9861.38,1
26,452.85,3
18,437.6,3
21,418.1,3
119,3320.22,1
27,618.27,3
214,3683.13,1
133,3002.68,3
62,1032.58,3
65,2581.04,3
29,569.56,3
12,153.12,3
3,739.2,3
16,254.18,3
3,-7.5,3
202,3.33955e-13,3
59,1103.45,3
111,2057.99,3
65,1193.32,3
21,643.59,3
162,3213.94,3
20,315.6,3
105,2291.19,3
36,657.25,3
42,355.53,3
11,177.31,3
94,3209.77,3
90,1296.21,3
474,13612.1,1
11,180.1,3
18,305.1,3
38,641.13,3
90,2609.28,3
307,6388.35,1
230,4478.53,1
43,769.61,3
62,1233.38,3
31,640.5,3
102,2131.27,3
101,1689.18,3
392,5933.36,1
38,662.33,3
22,486.1,3
53,1174.58,3
10,185.9,3
47,1013.26,3
24,3344.64,1
31,477.91,3
74,1755.38,3
45,1346.97,3
128,3669.92,1
21,318.05,3
33,603.71,3
20,314.44,3
9,114,3
50,896.83,3
42,2189.45,3
38,601.98,3
130,3982.72,1
56,1152.06,3
36,686.05,3
5,91.68,3
13,245.1,3
232,3817.08,1
38,4863.88,1
4,61.75,3
2,-227.44,3
33,620.13,3
167,3734.78,1
102,1607.73,3
94,2986.15,3
10,225.9,3
40,590.12,3
91,1919.31,3
45,1331.39,3
167,17588.3,0
56,1058.67,3
52,862.81,3
644,13667.5,1
525,12288.2,1
361,8216.05,1
105,2283.63,3
157,2863.08,3
7,89.14,3
169,4853.81,1
72,1247.61,3
16,389.01,3
32,1035.8,3
41,830.96,3
37,869.67,3
27,582.1,3
43,939.02,3
270,4867.99,1
53,797.71,3
12,219,3
22,274.7,3
90,2220.84,3
347,6809.2,1
33,603.42,3
173,2596.52,3
256,9192.1,1
78,1125.53,3
142,4241.63,1
37,843.51,3
257,4701.54,1
21,353.86,3
69,1053.49,3
56,980.98,3
18,233.21,3
42,608.1,3
358,5708.24,1
163,2623.94,3
57,904.33,3
69,725.07,3
53,1031.41,3
24,427.8,3
124,2609.1,3
140,3942.66,1
46,836.33,3
26,453.01,3
276,18788.4,0
12,236.26,3
22,383.95,3
3,102,3
43,779.57,3
4,234,3
11,155.35,3
38,1013.04,3
27,427.6,3
132,543.29,3
228,9054.69,1
103,4196.01,1
4609,28734.4,0
229,3822.9,1
15,275.88,3
53,4366.78,1
223,20304.5,0
65,2949.12,3
6,2203.2,3
4,112.08,3
377,4227.7,1
96,2781.51,3
95,1531.44,3
68,1873.32,3
17,489.04,3
45,1693.88,3
309,6969.83,1
32,1143.6,3
12,1351.45,3
54,872.67,3
67,1351.24,3
51,804.23,3
159,3868.7,1
30,707.72,3
106,2253.52,3
86,1603.87,3
59,574.42,3
15,305.71,3
20,463.66,3
4,91.85,3
21,324.92,3
2,192.6,3
25,400.54,3
24,545.48,3
45,860.41,3
14,430.48,3
17,194.18,3
8,6977.04,1
25,407.54,3
28,483.65,3
26,484.36,3
31,514.85,3
15,229.64,3
2,125.92,3
47,1063.46,3
29,572.2,3
4,166.04,3
16,1517.88,3
59,942.34,3
6,92.72,3
47,918.98,3
5,1759.5,3
24,392.08,3
94,1468.12,3
25,430.15,3
55,988.71,3
12,253.05,3
39,6748.4,1
9,215.05,3
27,383.03,3
24,417.38,3
18,312.38,3
173,2597.74,3
12,134.1,3
121,681.83,3
314,5573.54,1
116,2714.27,3
438,3862.9,1
33,1053.29,3
100,1678.16,3
52,325.96,3
26,349.14,3
88,848.14,3
49,1011.29,3
50,135.18,3
20,299.75,3
84,1881.7,3
111,1272.9,3
3,38.1,3
316,2152.6,3
46,1106.4,3
6,504.2,3
3,147.12,3
96,1548.07,3
26,559.12,3
547,3960.6,1
106,1602.02,3
2,-14.9,3
11,380.64,3
65,595.02,3
4,374,3
2,343.23,3
85,2218.02,3
150,1532.87,3
49,841.64,3
12,552.57,3
7,298,3
13,1463.04,3
42,703.47,3
7,309.05,3
72,1158.27,3
86,1351.09,3
7,313.77,3
82,380.47,3
3,331,3
34,188.14,3
24,347.3,3
4,216.5,3
125,16293.1,0
10,138.68,3
72,509.58,3
63,2919.81,3
4,246,3
94,2094.18,3
75,3075.04,3
24,1662.3,3
49,2443.13,3
22,363.65,3
109,2982.35,3
2,594,3
52,1301.44,3
28,164.23,3
741,16389.7,0
28,405.38,3
29,176.97,3
31,929.95,3
45,694.05,3
84,2062.7,3
9,105.1,3
27,409.9,3
102,33462.8,0
107,606.28,3
130,2156.45,3
63,1012.9,3
120,1504.27,3
9,114.14,3
47,11581.8,1
103,876.29,3
75,683.9,3
1,-3.75,3
30,604.51,3
23,462.95,3
102,1396.79,3
118,2053.7,3
216,4117.34,1
23,1843,3
64,1037.03,3
80,1382.84,3
17,329.85,3
183,4734.26,1
19,108.07,3
241,3932.24,1
16,266.39,3
96,1841.03,3
109,771.91,3
10,160.18,3
33,1194.75,3
5,135.95,3
150,447.56,3
308,10930.3,1
8,144.8,3
22,738.6,3
6,37.29,3
24,7092.06,1
20,372.22,3
30,327.31,3
4,97.5,3
77,1168.22,3
30,545,3
92,535.32,3
68,6854.51,1
13,409.5,3
31,503.76,3
27,414.76,3
73,902.22,3
5,200.72,3
67,1197.94,3
28,455.88,3
1,12,3
1,3,3
1,2,3
1,12,3
1,1,3
31,534.85,3
336,9696.82,1
6,101.15,3
6,149.05,3
407,5582.59,1
29,468.95,3
4,81.57,3
13,138.87,3
3,50.55,3
106,1299.02,3
220,4747.39,1
124,3365.43,1
176,3346.28,1
47,789.89,3
1,204,3
456,7258.11,1
133,2561.9,3
40,689.9,3
42,906.15,3
26,6912,1
46,636.28,3
10,1247.5,3
99,799.48,3
75,996.52,3
11,190.55,3
37,642.77,3
30,886.63,3
44,818.67,3
28,908.46,3
43,676.99,3
14,471.57,3
29,508.63,3
18,305.28,3
33,609.31,3
190,2985.5,3
137,1805.91,3
14,656.68,3
422,5684.61,1
18,348.15,3
78,1201.96,3
8,271.4,3
8,183.4,3
15,307.53,3
10,248.61,3
10,333.48,3
67,1104.64,3
14,205.86,3
49,430.9,3
15,115.46,3
2,344,3
466,3691.82,1
9,228.8,3
7,177.15,3
22,919.61,3
111,725.52,3
376,12427.7,1
6,220.1,3
5,48.72,3
1055,27924.2,0
75,3595.48,1
18,303.75,3
29,272.38,3
1832,57021.3,4
161,8689.39,1
23,304.22,3
26,459.83,3
166,7721.31,1
30,1708.86,3
6,74.4,3
426,5787.39,1
599,28576.8,0
1,207.36,3
8,101.19,3
310,6336.29,1
8,243.94,3
20,1098.48,3
2,59.5,3
59,1513.99,3
10,350.06,3
49,757.48,3
144,1446.27,3
280,10510,1
132,2205.63,3
30,480.15,3
76,984.91,3
82,1125,3
1,30.6,3
53,254.73,3
55,922.39,3
233,3837.08,1
138,1955.79,3
15,259.17,3
2,64,3
46,1039.3,3
3,77.3,3
7,109.8,3
105,1740.63,3
1,3096,3
139,2545.38,3
704,3604.43,1
63,962.39,3
174,5055.79,1
46,423.72,3
136,2385.8,3
23,307.09,3
3,110.95,3
7,614.77,3
16,183.91,3
4,712.8,3
345,3334.08,1
86,1676.06,3
75,1250.37,3
15,486.22,3
1,-611.86,3
84,966.72,3
89,1721.57,3
77,1178.2,3
121,1374.71,3
4,91.8,3
8,112.75,3
77,1538.19,3
42,1021.48,3
42,414.7,3
61,744.53,3
131,1275.04,3
13,712.88,3
29,101.97,3
48,426.81,3
43,353.65,3
308,2809.23,3
72,492.84,3
17,282.45,3
265,5725.47,1
11,121.18,3
91,3948.68,1
181,1623.71,3
1,71.4,3
82,1507.29,3
37,236.02,3
2,114.6,3
26,226.48,3
62,896.34,3
29,117.88,3
3,60.7,3
106,1777.62,3
228,3373.89,1
120,9803.96,1
46,870.09,3
56,864.9,3
8,250.26,3
148,1194.35,3
326,5796.91,1
22,353.48,3
56,1197.42,3
142,775.9,3
91,1513.39,3
5,333.74,3
7,133.62,3
5,62.64,3
21,819.29,3
66,847.41,3
5,163.2,3
109,2150.85,3
33,5514.24,1
16,108.21,3
9,257.7,3
2,358,3
10,160.95,3
608,2737.77,3
205,1332.85,3
40,535.76,3
58,91.27,3
39,727.27,3
32,680.83,3
20,282.76,3
67,663.65,3
13,270.4,3
58,600.07,3
27,121.74,3
16,430.5,3
142,1915.5,3
25,501.12,3
25,442.28,3
23,711.41,3
36,1030.4,3
14,390.66,3
1,0,3
38,698.58,3
87,292.32,3
8,557.62,3
9,944.1,3
11,200.29,3
1641,7373.42,1
90,2092.06,3
202,3717.67,1
223,4366.19,1
441,3136.14,3
319,5314.67,1
1,590,3
101,178.26,3
15,276.56,3
16,138.98,3
30,590.93,3
8,258.4,3
46,542.73,3
11,126.3,3
85,814.86,3
40,1047.84,3
7,93.66,3
14,196.15,3
187,2709.12,3
42,361.11,3
31,578.94,3
54,873.74,3
11,197.95,3
5,87.4,3
59,2089.85,3
2,360,3
5,142.5,3
22,365.29,3
81,618.09,3
1,63.75,3
21,300.42,3
81,2000.86,3
1,15,3
57,1367.61,3
107,1456.79,3
77,1083.63,3
26,598.57,3
78,1555.32,3
69,551.54,3
87,5810.45,1
135,2140.07,3
20,640.76,3
499,10653.8,1
110,1491.7,3
11,567.36,3
25,199.48,3
21,787.85,3
77,7072.8,1
12,675.3,3
109,3617.57,1
17,1308.48,3
19,740.4,3
53,1140.93,3
21,350.9,3
265,3497.97,1
51,795.12,3
24,431.82,3
53,840.32,3
134,10736.5,1
41,756.05,3
22,303.93,3
119,2543.72,3
22,377.6,3
8,341.36,3
14,233.76,3
16,247.32,3
43,910.72,3
16,373.94,3
27,389.28,3
51,743.53,3
32,674.7,3
42,768.24,3
87,592.4,3
29,439.03,3
24,431.26,3
169,3085.49,3
60,992.5,3
20,2.13163e-14,3
132,2191.22,3
1,56.16,3
29,623.4,3
19,263.75,3
44,721.32,3
23,378.64,3
158,3312.25,1
38,772.9,3
53,1019.76,3
96,567.52,3
162,3439.61,1
15,222.99,3
155,4122.28,1
34,529.53,3
36,627.15,3
51,797.96,3
13,544.08,3
1,59.8,3
163,2302.6,3
21,307.72,3
46,1290.61,3
39,1539.18,3
26,457.34,3
35,603.83,3
3,75,3
11,252.49,3
27,572.451,3
497,27447.1,0
30,988.91,3
17,210.6,3
24,1390.5,3
19,712.5,3
28,640.83,3
313,5840.4,1
15,216.02,3
10,140.35,3
105,1848.98,3
128,2601.55,3
78,1624.21,3
154,3520.46,1
29,582.6,3
73,214.27,3
67,1006.8,3
53,646.41,3
46,1269.1,3
10,534.24,3
103,3794.49,1
12,196.89,3
165,3378.26,1
53,280.31,3
13,296.64,3
61,1086.89,3
197,3439.57,1
19,291.88,3
71,2043.72,3
435,2875.7,3
2,590,3
17,356.98,3
52,993.85,3
64,1732.78,3
391,9473.12,1
17,183.44,3
27,1445,3
10,143.25,3
41,674.68,3
18,297.95,3
99,1083.71,3
298,5538.95,1
10,165,3
255,2517.34,3
22,417.54,3
60,224.14,3
86,1431.78,3
61,1092.77,3
81,1441.53,3
16,291,3
111,1771.77,3
11,184.64,3
10,140.34,3
8,313.8,3
23,454.24,3
69,1122.41,3
34,575.4,3
424,8874.37,1
14,449.52,3
82,1176.46,3
50,1269.84,3
8,618.63,3
18,316.26,3
52,1990.12,3
35,605.18,3
20,321.05,3
45,1146.96,3
67,1136.77,3
53,1310.47,3
18,292,3
17,216.85,3
22,295.93,3
227,4282.88,1
29,452.82,3
162,2479.16,3
12,110.97,3
44,979.72,3
112,1759.96,3
15,251.21,3
10,205.1,3
4,152.2,3
56,844.32,3
44,1389.41,3
139,2072.83,3
38,659.44,3
9,110.8,3
95,3487.75,1
434,1090.96,3
5,125.8,3
174,3684.73,1
27,680.18,3
6,628.78,3
224,2263.76,3
15,307.76,3
22,483.8,3
65,207.36,3
74,269.49,3
342,5613.08,1
179,3448.29,1
25,1280.85,3
38,605.84,3
87,291.41,3
98,626.99,3
124,682.41,3
52,916.12,3
4,91.8,3
121,3539.53,1
136,4149.28,1
34,584.06,3
175,605.06,3
33,174.37,3
14,141.86,3
82,1799.33,3
48,776.88,3
82,605.94,3
37,238.27,3
176,874.71,3
42,181,3
83,363.76,3
27,239.49,3
341,2092.32,3
33,1384.25,3
26,294.4,3
46,732.07,3
130,6703.3,1
85,1658.3,3
23,467.04,3
10,118,3
53,781.03,3
24,142.4,3
11,347,3
176,2416.32,3
21,379.65,3
89,1976.12,3
58,1117.13,3
16,247.96,3
129,1990.28,3
26,396.97,3
166,697.04,3
41,167.42,3
260,4993.16,1
19,219.52,3
96,678.56,3
23,428.89,3
27,164.34,3
43,280.54,3
97,670.51,3
225,1106.43,3
70,1099.7,3
198,1587.81,3
24,399.99,3
44,544.18,3
12,163.66,3
19,213.85,3
86,672.44,3
19,257.23,3
94,1624.02,3
59,7792.36,1
80,1995.68,3
12,3021.77,3
147,2117.02,3
188,1575.16,3
62,1071.03,3
64,941.62,3
96,800.1,3
8,122.64,3
40,1033.34,3
64,352.85,3
28,519.44,3
147,2584.92,3
5,252.1,3
80,1670.22,3
23,346.6,3
98,1809.34,3
6,94.2,3
61,1063.88,3
162,2669.17,3
56,932.97,3
49,379.65,3
16,382.14,3
112,2421.47,3
106,1539.06,3
58,879.08,3
13,189.47,3
12,84.65,3
87,305.02,3
497,6175.57,1
9,218.55,3
25,349.7,3
16,-71.46,3
65,396.92,3
25,486.82,3
16,232.6,3
216,2202.31,3
57,827.83,3
3,59.5,3
31,64.23,3
39,3119.44,3
8,72,3
6,910,3
9,172.25,3
55,1466.87,3
4,-32,3
577,62405.7,4
90,2504.13,3
12,151.3,3
14,308.58,3
194,2244.54,3
1,99.5,3
135,2295.31,3
28,711.86,3
20,330.79,3
48,806.41,3
50,291.93,3
342,6204.29,1
8,180.48,3
13,252.06,3
10,228.84,3
106,1041.19,3
20,132.43,3
103,1432.26,3
12,306.55,3
60,1041.68,3
43,799.9,3
28,524.14,3
86,2369.16,3
6,199.85,3
117,1790.01,3
42,1079.66,3
20,333.48,3
63,1016.14,3
43,752.6,3
38,610.59,3
33,491.86,3
203,2744.83,3
188,708.2,3
30,339.6,3
3,216.9,3
23,350.75,3
35,666.33,3
318,3081.94,3
42,1340.15,3
72,1156.36,3
25,276.42,3
1,79.6,3
28,948.25,3
24,1647.26,3
9,296.25,3
76,1186.28,3
35,741.26,3
12,282.6,3
336,2147.62,3
142,5130,1
117,3190.55,3
25,659.41,3
54,275.85,3
70,1070.65,3
14,4.26326e-14,3
17,1689.46,3
201,1486.54,3
399,16945.7,0
143,2771.87,3
120,2631.7,3
177,1132.13,3
22,345,3
219,25748.3,0
9,178.7,3
57,360.01,3
17,127.84,3
115,912,3
31,2462.79,3
7,230.4,3
31,309.04,3
45,348.8,3
17,1047.68,3
13,195.55,3
437,36111.4,0
39,688.86,3
33,558.32,3
23,324.8,3
65,3882.87,1
17,277.07,3
137,2635.79,3
13,924.6,3
10,256.38,3
7,112.6,3
76,1747.66,3
12,155.05,3
35,894.47,3
14,591.75,3
36,539,3
70,1333.61,3
57,1522.52,3
176,4009.87,1
33,555.04,3
24,382.98,3
36,1140.35,3
59,385.64,3
96,632,3
39,942.06,3
46,1698.94,3
12,174.65,3
93,412.05,3
15,209.49,3
1,-102,3
74,2202.99,3
4,40.95,3
29,384.8,3
54,825.21,3
19,271.24,3
172,688.13,3
1,85,3
203,3370.5,1
20,361.62,3
9,312.98,3
58,847.61,3
5,1255,3
101,1537.95,3
94,1586.81,3
81,2651.46,3
24,1056.94,3
114,8025.02,1
17,363.4,3
11,216.17,3
28,201.16,3
77,1240,3
142,2187.31,3
22,299.56,3
30,501.56,3
7,145.67,3
61,1015.29,3
33,3192.54,3
300,3078.3,3
117,2741.05,3
337,6370,1
24,381.7,3
18,540.45,3
102,1762.43,3
6,98.9,3
3,117.24,3
36,1281.53,3
165,3219.77,3
180,16989.5,0
66,1131.28,3
151,2509.05,3
60,781.3,3
28,506.8,3
16,243.56,3
19,349.55,3
40,605.63,3
15,416.9,3
114,1860.86,3
27,632.97,3
21,821.1,3
30,535.97,3
119,2588.12,3
16,293.82,3
12,155.93,3
19,388.52,3
43,740.95,3
149,2867.2,3
26,332.64,3
126,2347.05,3
147,2561.11,3
34,613.95,3
18,272.04,3
30,1212.84,3
33,350.16,3
7,172.25,3
20,351.13,3
137,1682.08,3
45,616.65,3
11,223.85,3
21,348.99,3
27,464.57,3
10,802.85,3
17,337.34,3
59,1230.93,3
16,307.4,3
23,608.79,3
31,922.1,3
27,361.28,3
9,158.85,3
7,71.66,3
46,556.75,3
49,839.14,3
44,4826.01,1
11,561.57,3
5,90.6,3
3,102,3
159,2407.52,3
36,728.56,3
39,674.45,3
135,3156.69,3
20,3515.68,1
30,378.59,3
33,322.96,3
152,1026.42,3
5,-102.45,3
88,590.4,3
12,230.22,3
11,169.55,3
34,656.14,3
2,80.7,3
630,8978.31,1
158,2702.22,3
15,190.25,3
11,264.7,3
28,413.59,3
339,2498.55,3
10,357.98,3
15,196.79,3
54,869.87,3
11,200.14,3
115,1861.11,3
112,2590.46,3
17,488.03,3
353,7024.53,1
13,320.46,3
237,4065.2,1
41,1266.08,3
16,311.3,3
86,850.63,3
5,76.8,3
123,3370.06,1
153,2303.06,3
85,1352.29,3
212,3865.26,1
1,3,3
1,1,3
1,32,3
16,633.71,3
40,2030.33,3
47,529.73,3
171,4582.64,1
83,2864.72,3
30,962.19,3
44,685.93,3
11,328.8,3
34,473.02,3
39,505.18,3
20,917.34,3
157,4274.04,1
68,1398.96,3
39,642.8,3
22,631.9,3
28,440,3
31,584.07,3
16,327.7,3
6,104.82,3
15,467.66,3
237,2326.37,3
258,14634.6,0
151,2924.8,3
92,512.02,3
66,1428.02,3
38,626.65,3
28,147.2,3
93,1554.48,3
6,152.2,3
240,3528.69,1
21,141.41,3
208,647.87,3
6,1659.75,3
14,154.99,3
34,1290.01,3
86,370.93,3
500,5627.12,1
54,746.36,3
215,15477.3,0
56,225.36,3
4,260.25,3
6,92.46,3
10,725.64,3
1126,8114.32,1
290,6137.32,1
8,183.6,3
199,6105.14,1
111,10464.9,1
82,1188.32,3
7,152.55,3
52,374.7,3
24,265.85,3
327,1293.27,3
14,139.54,3
43,942.26,3
46,122.47,3
42,499.42,3
65,1049.37,3
12,375.1,3
4,45.6,3
152,900.12,3
29,182.25,3
178,1007.07,3
449,4415.63,1
70,181.67,3
584,49771.7,4
14,161,3
1,76.32,3
217,4063.1,1
105,442.85,3
5044,56581.1,4
21,147.35,3
249,3056.25,3
26,194.9,3
35,5976.79,1
84,1314.73,3
21,216.21,3
75,1255.29,3
121,2640,3
35,594.16,3
14,80.2,3
157,5669.65,1
11,688.6,3
173,2774.17,3
40,1377.92,3
15,386.53,3
72,1382.74,3
3,90,3
1,-19.9,3
161,2740.3,3
5,419.58,3
166,2735.39,3
16,643.63,3
44,709.71,3
44,627.42,3
52,1123.86,3
67,483.86,3
201,3580.13,1
30,590.34,3
133,4679.81,1
47,982.38,3
26,415.82,3
67,920.05,3
46,879.03,3
22,311.81,3
7,115.8,3
12,3148.2,3
245,2949.57,3
6,468.4,3
3,157.2,3
40,259.43,3
26,658.64,3
50,611.09,3
52,1345.62,3
6,118.75,3
1412,112811,4
47,397.48,3
41,507.66,3
1207,4665.15,1
108,1110.52,3
25,289.36,3
52,2445.91,3
29,1631.77,3
24,109.79,3
52,574.84,3
54,353.13,3
29,450.84,3
26,134.46,3
164,3108.06,3
31,560.5,3
43,554.46,3
326,1618.65,3
162,713.28,3
234,4462.77,1
24,452.89,3
3,197.65,3
71,2018.91,3
275,4569.27,1
262,4630.01,1
42,853.39,3
603,11087.7,1
8,962.7,3
6,335.52,3
44,663.5,3
2,185.4,3
39,688.04,3
44,161.03,3
39,218.78,3
21,308.26,3
10,151.74,3
88,2067.13,3
98,1831.89,3
118,2208.3,3
9,1070.48,3
5,-1192.2,3
70,1000.23,3
107,1759.2,3
59,1839.3,3
107,1925.36,3
12,169.48,3
7,89.94,3
21,632.4,3
188,3384.95,1
41,683.17,3
61,975.23,3
117,1048.47,3
73,2201.64,3
183,3315.71,1
43,1450.6,3
54,822.06,3
116,2026.23,3
34,1388.11,3
157,766.67,3
79,3083.36,3
15,490.86,3
9,161,3
8,146.85,3
116,2323.5,3
42,890.34,3
10,213.7,3
16,280.55,3
146,2500.78,3
111,1667.48,3
75,1474.06,3
20,136.77,3
7,289.08,3
111,1904.05,3
78,2879.7,3
54,935.06,3
106,3082.23,3
112,12650.1,1
5,120,3
52,1163.45,3
143,2618.23,3
19,319.47,3
31,530.18,3
66,1279.09,3
29,492.65,3
8,102.24,3
32,428.6,3
29,559.97,3
75,1019.39,3
228,3957,1
8,134.04,3
156,3729.34,1
34,578.45,3
27,1910.01,3
275,4514.45,1
11,151.23,3
17,413.85,3
47,911.26,3
103,2307.45,3
238,3873.3,1
108,4819.33,1
60,1041.52,3
7,154.7,3
64,1284.06,3
1604,49889.5,4
161,2850.31,3
3,43.2,3
16,632.04,3
27,197.1,3
109,1798.72,3
35,2083.42,3
180,2995.72,3
123,2319.68,3
27,229.71,3
86,1601.59,3
8,120,3
104,2456.98,3
24,508.58,3
42,343.11,3
119,1506.27,3
41,574.26,3
9,166.85,3
12,311.65,3
268,4908.94,1
28,462.66,3
26,866.31,3
19,351.45,3
155,2406.26,3
63,468.26,3
90,1614.91,3
34,554.22,3
18,289.91,3
6,134.7,3
125,2137.73,3
24,607.71,3
71,889.93,3
6,108.98,3
60,1021.58,3
18,409.57,3
31,133.5,3
21,258.7,3
1,51,3
47,1078.96,3
6,90.6,3
9,163.62,3
11,174.4,3
38,666.94,3
41,225.77,3
58,882.58,3
118,2128.23,3
41,161.2,3
69,3717.35,1
533,9167.82,1
8,155,3
4,100.5,3
4,76.55,3
75,257.68,3
11,617.05,3
45,343.06,3
56,202.68,3
127,610.08,3
59,1247.69,3
14,202.11,3
7,142.4,3
140,1770.56,3
191,3172.04,3
62,999.72,3
290,4587.43,1
5,67.95,3
344,3425.76,1
72,486.69,3
95,2556.68,3
25,544.1,3
181,4007.88,1
26,1426.31,3
103,1434.07,3
8,156.75,3
76,2111.08,3
105,2587.81,3
55,1908.25,3
285,572.1,3
14,1063,3
45,761.33,3
23,122.7,3
95,1443.01,3
612,5811.56,1
14,490.22,3
122,1922.85,3
206,1058.06,3
30,385.87,3
27,813.11,3
221,4233.64,1
3,265.2,3
1,322.08,3
260,3918.9,1
17,363.34,3
148,1230.14,3
20,385.01,3
380,2247.91,3
12,1372.8,3
9,89.06,3
6,-43.4,3
9,131.9,3
31,2595.54,3
55,2357.68,3
59,1545.14,3
68,1544.62,3
98,1400.88,3
293,1039.58,3
70,1163.23,3
20,375.35,3
255,899.3,3
39,482.6,3
108,658.39,3
62,264.44,3
22,119.93,3
967,3005.97,3
4,113.64,3
37,1837.92,3
15,308.46,3
176,2092.66,3
244,1963.3,3
6,529.62,3
130,1058.62,3
72,2272.4,3
90,598.76,3
43,461.19,3
280,1926.34,3
7,234.34,3
30,537.71,3
47,799.82,3
19,215.7,3
11,1307.81,3
18,316.25,3
13,279.05,3
30,636.51,3
144,2068.15,3
10,129.2,3
14,321.92,3
47,165.75,3
145,1183.58,3
49,1047.43,3
30,463.38,3
17,340.93,3
123,2362.84,3
7,139.56,3
6,123.8,3
19,538.81,3
31,457.47,3
193,1957.32,3
193,814.67,3
7,356.85,3
12,190.31,3
627,2323.96,3
164,3543.26,1
102,665.62,3
798,5786.94,1
316,2012.17,3
94,1327.56,3
57,276.42,3
71,1267.41,3
23,275.28,3
18,438.49,3
73,1055.35,3
101,2102.09,3
18,330.45,3
16,174.37,3
4,270.6,3
17,974.54,3
12,241.09,3
202,1866.83,3
298,4221.37,1
1002,7660.53,1
18,364.22,3
229,620.04,3
216,2925.91,3
64,932.85,3
65,1812.62,3
553,4063.4,1
332,2836.89,3
19,171.8,3
10,355.56,3
19,388.25,3
32,537.48,3
76,996.26,3
111,1461.65,3
5,103.25,3
105,2881.52,3
114,2024.45,3
415,2483.12,3
361,3903.91,1
4,652.8,3
56,289.24,3
48,765.62,3
10,186.23,3
56,163.12,3
110,846.17,3
216,2381.04,3
21,324.14,3
32,0,3
76,2174.18,3
68,1058.26,3
443,4684.47,1
126,3024.87,3
4,1432,3
33,1445.26,3
12,227.39,3
29,218.06,3
269,2744.05,3
240,1601.44,3
122,855.51,3
24,168.63,3
17,138.6,3
6,114.11,3
328,1042.92,3
101,1029.26,3
29,157.05,3
27,134.16,3
371,1580.04,3
3,39.75,3
197,1447.14,3
163,568.18,3
152,617.99,3
53,379.83,3
102,1740.6,3
55,883.15,3
50,221.97,3
25,393.33,3
7,213.96,3
2,660,3
2721,11505.9,1
114,11341.1,1
20,1785.15,3
4,601.56,3
3,406.08,3
17,538.59,3
22,379.51,3
29,380.68,3
96,1765.76,3
21,320.58,3
135,869.35,3
13,225.85,3
57,848.48,3
125,2739.37,3
5,-21.85,3
24,671.96,3
152,936.61,3
39,988.26,3
8,114.56,3
20,344.9,3
28,609.85,3
15,385.8,3
175,2952.34,3
112,2037.11,3
7,110.46,3
2,96.12,3
30,651.81,3
29,780.46,3
30,597.09,3
2071,278273,2
30,243.22,3
198,1412.61,3
102,654.6,3
29,114.18,3
237,1947.55,3
50,1930.15,3
80,291.05,3
127,838.27,3
29,247.15,3
257,2443.53,3
30,285.74,3
4,107.95,3
165,761.88,3
99,637.89,3
117,1258.38,3
14,195.25,3
576,9231.2,1
170,1269.99,3
132,411.53,3
61,765.55,3
74,1736.4,3
102,604.75,3
43,2528.12,3
1,-2.55,3
320,26932.3,0
7,498.95,3
2,52,3
420,1235.63,3
15,628.38,3
335,4932.84,1
13,112.8,3
54,358.61,3
71,2114.33,3
69,582.05,3
8,172.9,3
129,2000.38,3
22,188.61,3
205,1241.36,3
8,109.13,3
115,2235.3,3
350,2486.22,3
348,3250.64,1
22,318.17,3
407,1534.41,3
1,179,3
29,1096.67,3
197,4911.14,1
139,606.13,3
355,2816.84,3
25,917.07,3
341,2664.26,3
10,160.19,3
70,856.88,3
55,329.68,3
237,1587.14,3
37,663.81,3
29,187.92,3
278,1158.3,3
52,718.08,3
10,268.58,3
69,297.79,3
500,2004.41,3
45,380.02,3
149,2686.34,3
214,9411.94,1
205,5807.69,1
17,1164.55,3
56,1289.94,3
61,3899.1,1
93,1423.21,3
59,1400.34,3
28,1088.53,3
70,1167.16,3
19,294.3,3
92,1311.79,3
5,389.64,3
30,563.15,3
41,638.05,3
236,4949.78,1
38,738.96,3
19,420.5,3
70,1434.16,3
101,1613.22,3
7,53.8,3
11,255.9,3
21,300.52,3
7,250.55,3
39,254.11,3
134,2388.33,3
6,139.5,3
1087,10606.3,1
52,876.42,3
9,139.26,3
60,1011.9,3
134,2195.58,3
3,-17.45,3
35,730.86,3
41,386.15,3
27,447.68,3
6,200.1,3
14,285.43,3
3,77.4,3
30,679.44,3
6,197.64,3
45,727.36,3
4,0,3
15,214.14,3
81,1269.83,3
6,131.45,3
1147,7756.84,1
12,173.74,3
13,157.7,3
391,4225.84,1
58,188.46,3
44,845.55,3
12,353.27,3
47,554.65,3
11,193.39,3
255,2165.29,3
254,2082.84,3
30,155.43,3
51,759.78,3
4,271.85,3
63,1110.34,3
47,630.8,3
13,272.07,3
29,507.29,3
2,48.8,3
69,316.48,3
27,1096.51,3
121,2226.91,3
17,2139.76,3
45,644.65,3
40,197.13,3
70,1698.35,3
6,102.45,3
110,1641.2,3
4,62.85,3
138,3295.76,1
158,2456.8,3
130,3189.81,3
13,309.4,3
392,7904.28,1
22,278.15,3
28,511.35,3
140,2789.89,3
10,463.05,3
126,2671.89,3
20,645.65,3
66,1311.38,3
61,1165.65,3
59,1352.04,3
12,168.62,3
5,116.67,3
48,841.2,3
11,266.76,3
4,52.2,3
103,14197.5,0
37,701.33,3
147,2939.64,3
72,721.95,3
13,327.25,3
98,522.38,3
27,499.88,3
50,1448.72,3
124,1485.54,3
46,701.15,3
17,255.4,3
11,589.7,3
54,756.64,3
15,765.32,3
16,325.2,3
6,1862,3
20,369.2,3
10,135.9,3
7,125.65,3
33,554.38,3
72,1220.15,3
23,655.75,3
503,10965.1,1
38,397.77,3
54,1325.88,3
119,1228.32,3
97,1414.34,3
24,314.11,3
359,2698.43,3
69,1025.44,3
18,599.9,3
168,3478.85,1
9,277.8,3
35,389.86,3
5863,132066,4
22,536.24,3
83,1182.31,3
11,219.23,3
78,1234.84,3
45,1610.15,3
57,977.77,3
76,1295.67,3
44,749.1,3
10,310.05,3
11,223.88,3
126,2311.36,3
42,964.68,3
17,363.53,3
88,1888.84,3
10,1784.71,3
365,8106.92,1
33,1553.88,3
171,5808.27,1
3,100.9,3
14,290.82,3
63,1048.87,3
20,361.25,3
20,311.69,3
149,7912.79,1
55,289.82,3
85,336.17,3
12,58.49,3
42,499.68,3
61,684.97,3
26,216.23,3
316,6986.78,1
5,126.7,3
195,1473.76,3
13,206.21,3
79,576.41,3
36,172.6,3
6,463.8,3
37,147.59,3
34,1592.06,3
160,1116.57,3
17,102.02,3
32,1314.45,3
21,114.39,3
11,279.94,3
73,765.86,3
214,1925.12,3
8,102.12,3
39,196.77,3
87,296.75,3
4,326.4,3
39,321.79,3
61,233.23,3
27,540.98,3
74,427.77,3
1,6,3
1,12,3
2,2,3
76,479.27,3
113,1631.68,3
157,1245.67,3
1140,6029.04,1
142,500.79,3
12,156.91,3
174,1249.13,3
20,308.94,3
126,413.68,3
35,260.17,3
20,170.04,3
20,125.58,3
32,456.26,3
70,266,3
478,1859.53,3
135,905.04,3
556,6705.94,1
154,1656.29,3
72,377.01,3
59,462.4,3
37,1051.95,3
48,627.13,3
7,518.28,3
111,668.14,3
55,4464.1,1
509,2551.73,3
400,4277.66,1
27,252.73,3
126,463.6,3
132,660.91,3
1505,19772.3,0
67,180.35,3
5,135.93,3
3,537,3
460,7622.63,1
13,633.66,3
204,5004.61,1
22,343.62,3
98,380.57,3
3,121.17,3
80,1727.17,3
143,1391.61,3
30,215.78,3
71,697.79,3
112,301.72,3
25,1489.5,3
276,2124.99,3
237,1319.52,3
121,303.09,3
408,54172.6,4
57,987.86,3
5,370.8,3
157,3118.28,3
52,755.55,3
82,1744.76,3
104,553.36,3
70,1109.53,3
1,106.2,3
26,982.07,3
76,612.43,3
42,748.87,3
27,773.03,3
49,880.85,3
451,9623.35,1
48,893.66,3
35,487.35,3
5,88.2,3
15,306.94,3
58,1130.19,3
143,2403.05,3
22,361.52,3
31,476.96,3
26,457.81,3
103,4287.8,1
49,1364.7,3
11,219.39,3
25,248.08,3
5,649.5,3
20,340.13,3
6,635.1,3
9,310.03,3
35,703.36,3
69,995.22,3
101,2298.93,3
102,1407.73,3
20,247.66,3
61,1291.75,3
31,463.75,3
40,970.25,3
84,1567.48,3
101,3439.41,1
194,2713.76,3
21,340.11,3
45,1352.75,3
80,1550.13,3
1,244.8,3
14,266.4,3
22,343.82,3
27,447.52,3
86,1607.09,3
106,2199.31,3
15,184.19,3
140,11117.1,1
16,406.53,3
111,1419.54,3
84,3447.4,1
22,330.11,3
52,977.93,3
29,982.42,3
73,1387.99,3
10,127.15,3
69,1282.45,3
13,178.96,3
81,2350,3
26,498.74,3
14,259.45,3
218,6530.04,1
67,1194.73,3
95,1313.66,3
29,608.65,3
20,301.29,3
23,520.8,3
343,5298.93,1
278,4684.24,1
22,329.25,3
91,240.08,3
54,956.45,3
131,1809.5,3
7,401.4,3
713,18425.8,0
4,158.16,3
29,304.47,3
103,843.05,3
27,487.75,3
41,163,3
5,106.56,3
7,1034.5,3
110,1624.05,3
11,135.75,3
23,224.14,3
3,40.5,3
95,2186.2,3
6,87.5,3
18,680.28,3
29,622.85,3
63,406.76,3
21,310.62,3
19,411.41,3
93,4670.08,1
231,15788.6,0
49,1017.32,3
19,499.32,3
325,7511.81,1
1,3861,1
36,656.44,3
10,193.64,3
13,1268.7,3
97,927.84,3
140,1817.72,3
9,316.58,3
38,648.83,3
9,420.3,3
43,867.62,3
20,331.18,3
52,894.41,3
7,88.95,3
25,325.05,3
109,1656.4,3
43,615.99,3
2,96.6,3
166,5756.89,1
9,305.75,3
118,1753.88,3
11,114.1,3
5,585,3
32,454.9,3
16,310.48,3
20,362.6,3
8,154.41,3
58,1219.4,3
126,3376.96,1
22,419.1,3
31,612.06,3
14,197,3
137,2177.83,3
15,321.05,3
96,1386.64,3
52,1056.54,3
52,764.34,3
82,1665.77,3
109,1698.99,3
22,316.68,3
34,631.57,3
89,2515.84,3
33,514.15,3
6,356,3
356,6617.76,1
121,10327.1,1
43,725.48,3
55,915.3,3
18,300.36,3
47,890.85,3
6,98.45,3
8,232.15,3
33,603.36,3
78,1780.77,3
19,254.82,3
10,178.95,3
12,156.51,3
23,393.74,3
82,1506.12,3
6,119.3,3
11,1717.36,3
2,408.8,3
48,2298.2,3
269,2441.62,3
63,721.94,3
47,716.57,3
41,604.15,3
51,134.66,3
11,250.86,3
21,277.41,3
16,113.12,3
150,2239.95,3
3,240.55,3
21,485.24,3
88,2306.52,3
59,935.1,3
211,7764.17,1
109,4596.51,1
25,180.94,3
200,3610.31,1
41,635.04,3
193,3769.06,1
12,3787.09,1
28,496.44,3
239,4923.72,1
31,574.02,3
26,680.3,3
54,1122.51,3
12,205.3,3
21,302.27,3
2467,59318.3,4
48,921.1,3
1,52,3
23,322.93,3
38,551.54,3
1,165,3
33,312.62,3
16,204.5,3
36,267.13,3
106,2650.73,3
49,602.97,3
49,162.29,3
28,306.67,3
10,208.75,3
62,1005.5,3
8,509.04,3
35,1661.06,3
16,1028.56,3
98,350.37,3
36,173.97,3
88,557.57,3
17,2020.52,3
26,391.76,3
21,364.5,3
32,476.58,3
23,367.69,3
17,252.42,3
5,201.6,3
9,158.04,3
72,473.81,3
5,115.65,3
232,1860.89,3
63,777.02,3
14,277.05,3
507,2708.5,3
554,8199.52,1
13,427.93,3
7,418.92,3
17,318.05,3
29,913.19,3
150,1320.25,3
44,602.51,3
96,1867.69,3
4,446.94,3
1,-1592.49,3
94,2313.75,3
27,2007.4,3
132,1937.86,3
3,168,3
115,1219.26,3
195,3626.85,1
37,1682.36,3
8,596.85,3
304,5917.78,1
43,635.76,3
12,316.88,3
31,394.14,3
9,130.64,3
1,500,3
85,1515.73,3
12,231.86,3
85,2183.54,3
7,107.45,3
14,288.18,3
6,94,3
74,1339.63,3
50,815.77,3
13,666.7,3
42,626.77,3
8,349.1,3
58,426.61,3
152,1025.24,3
34,267.18,3
122,3450.84,1
99,1322.98,3
10,190.53,3
39,774.9,3
46,510.41,3
193,3974.37,1
28,508.8,3
8,135.86,3
53,950.36,3
6,97.7,3
2,43.5,3
17,383.34,3
300,1429.9,3
303,1470,3
6,93.78,3
82,364.25,3
10,171.19,3
53,417.87,3
59,997.48,3
28,144.34,3
323,1114.45,3
43,193.41,3
25,156.58,3
62,383.68,3
2,594,3
382,3195.36,3
218,1416.31,3
5,113.5,3
9,155.17,3
28,494.64,3
62,971.22,3
30,429.84,3
55,532.23,3
284,1387.07,3
24,165.6,3
58,437.98,3
54,231.07,3
7,161.64,3
58,216.76,3
11,234.6,3
7,126.14,3
155,1042.25,3
104,6945.02,1
57,334.53,3
53,511.88,3
29,438.46,3
27,504.5,3
77,469.48,3
76,371.56,3
14,1465.2,3
29,454.11,3
46,1441.42,3
44,903.22,3
127,6568.72,1
83,223.25,3
188,3558.56,1
81,2539.72,3
2,91.32,3
54,1077.28,3
155,3090.85,3
35,659.46,3
296,1954.5,3
125,1299.23,3
16,1259.7,3
519,12357.2,1
68,1131.56,3
248,5421.86,1
70,147.09,3
13,52.83,3
97,3293.14,1
156,953.62,3
46,492.36,3
91,987.52,3
1,250,3
160,909.23,3
6,105.7,3
309,14459.4,0
218,2963.19,3
15,62.43,3
27,267.03,3
219,1906.85,3
18,343.5,3
200,2574.65,3
57,398.84,3
10,412.01,3
1,440,3
180,811.02,3
4,148.44,3
166,2348.82,3
26,229.33,3
663,3913.3,1
108,1502.35,3
223,1993.24,3
260,1508.58,3
85,745.78,3
77,457.8,3
24,110.92,3
41,538.46,3
15,213.3,3
27,82.53,3
28,127.86,3
259,3532.43,1
81,292.72,3
698,4935.13,1
116,1655.76,3
61,575.63,3
29,436.06,3
17,90.12,3
56,437.23,3
14,217.2,3
915,4699.84,1
31,279.77,3
20,473.65,3
30,695.74,3
1,134.55,3
117,1319.69,3
8,173.16,3
7,186.01,3
53,758.29,3
31,1375.71,3
327,4055.07,1
57,650.43,3
215,2552.86,3
104,607.45,3
168,702.25,3
45,940.67,3
39,258.88,3
13,127.1,3
51,348.6,3
151,3429.97,1
43,677.87,3
125,722.61,3
31,455.3,3
9,913.68,3
29,446.38,3
1,-30.19,3
24,388.58,3
5,199.8,3
104,1767.53,3
80,1299.84,3
23,315.72,3
16,235.68,3
51,756.7,3
404,6664.24,1
54,1083.63,3
2,48.48,3
17,216.39,3
66,1184.73,3
89,2368.04,3
11,100.2,3
59,1079.78,3
18,270.03,3
6,112.46,3
45,1568.39,3
6,195.15,3
429,10360,1
49,747.031,3
3,336.4,3
104,1524.4,3
18,1158.77,3
214,3224.53,3
19,301.03,3
34,588.13,3
68,1504.56,3
48,660.8,3
157,2865.64,3
59,1161.68,3
174,3111.07,3
15,243.55,3
25,724.76,3
15,223.36,3
2,-94,3
23,415.24,3
494,12428.3,1
115,1839.2,3
36,647.4,3
235,805.41,3
52,612.01,3
35,412.39,3
28,599.9,3
2,816,3
32,646.3,3
21,337.74,3
6,877.44,3
21,922.53,3
37,511.32,3
47,748.5,3
1,30,3
55,939,3
11,306.45,3
93,1534.67,3
5,309.8,3
9,138.14,3
19,358.63,3
114,2179.61,3
13,301.32,3
1,76.32,3
35,677.69,3
12,173.05,3
81,2635.49,3
155,2881.02,3
135,1744.02,3
21,323.69,3
215,3304.29,1
33,657.23,3
12,352.7,3
110,781.28,3
77,1323.48,3
67,946.36,3
10,193.75,3
168,2981.5,3
9,254.1,3
19,239.76,3
2,136.8,3
12,191.04,3
78,6410.1,1
22,409.98,3
176,2624.66,3
18,309.65,3
89,664.03,3
237,1542.14,3
5,211.5,3
117,2293.62,3
6,143.1,3
59,1001.81,3
212,937.18,3
297,3329.72,1
6,133.25,3
53,1072.36,3
20,346.75,3
35,330.88,3
117,1115.51,3
7,150.3,3
935,5034.81,1
128,598.73,3
90,502.04,3
69,2124.51,3
41,203.1,3
12,212.3,3
32,415.25,3
302,5178.96,1
4,-134.8,3
6,62,3
73,1108.38,3
14,294.12,3
10,162.3,3
26,1339.45,3
80,1111.85,3
176,4788.77,1
8,449.12,3
9,154.88,3
88,784.46,3
3,34.8,3
65,1071.24,3
29,182.96,3
93,974.04,3
21,149.31,3
15,21535.9,0
289,2397.66,3
410,2621.34,3
1,79.2,3
29,455.67,3
149,2318.88,3
190,528.76,3
44,709.38,3
9,205.25,3
6,248,3
37,583.75,3
62,1028.87,3
187,3240.43,3
11,315.06,3
28,581.83,3
147,51823.7,4
10,635.68,3
25,270.8,3
7,104.9,3
18,241.62,3
22,1021.61,3
29,475.28,3
21,333.56,3
44,2593.94,3
14,246.3,3
87,2303.75,3
279,4814.4,1
206,948.05,3
23,321.3,3
35,220.85,3
76,1604.44,3
13,948.96,3
41,604.97,3
133,2656.86,3
8,2207.4,3
97,874.78,3
118,696.48,3
67,1020.74,3
3,-451.42,3
8,415.82,3
273,3843.51,1
306,5441.67,1
31,784.58,3
48,903.9,3
209,3704.97,1
43,399.21,3
112,1145.43,3
139,2171.32,3
41,1801.14,3
40,1303.91,3
74,1842.73,3
49,2100.6,3
122,1900.41,3
17,206.98,3
62,570.96,3
33,885.47,3
17,-840.76,3
18,528.38,3
65,1586.96,3
134,1641.48,3
50,612.74,3
41,547.7,3
69,747.76,3
54,836.79,3
271,2065.7,3
50,954.09,3
12,117.47,3
24,391.98,3
169,33350.8,0
65,1020.74,3
28,345.66,3
50,1209.1,3
8,118.95,3
11,130.74,3
140,3650.87,1
22,389.27,3
96,232.1,3
22,160.71,3
30,110.8,3
137,2960.61,3
80,712.24,3
641,16099.7,0
14,297,3
188,1413.65,3
142,977.21,3
542,2978.86,3
147,832.88,3
18,68.84,3
24,1769.78,3
39,884.63,3
45,230.53,3
460,3788.69,1
15,149.64,3
75,349.05,3
128,360.93,3
136,4315.55,1
131,440.78,3
104,311.33,3
31,426.44,3
24,495.36,3
47,386.4,3
18,379.35,3
12,181.09,3
14,141.27,3
93,446.87,3
61,519.48,3
40,258.51,3
11,179.17,3
24,222.05,3
87,1384.68,3
3,46.35,3
51,351.11,3
116,363.88,3
69,5065.86,1
30,164.68,3
150,1517.59,3
248,962.77,3
7,191.94,3
264,1223.5,3
18,259.52,3
155,1451.34,3
12,123.1,3
39,332.53,3
140,624.77,3
60,167.5,3
25,336.03,3
12,363.6,3
21,127.08,3
12,207.15,3
21,426.63,3
118,2446.25,3
74,1107.46,3
12,416.86,3
7,145.35,3
18,404.58,3
77,6102.26,1
2,31.8,3
14,337.44,3
6,325.1,3
2,181,3
29,1708.24,3
60,955.24,3
19,364.72,3
102,1685.46,3
41,637.02,3
91,806.57,3
103,1634.53,3
185,4389.81,1
42,428.89,3
7,104.35,3
28,470.76,3
122,845.64,3
81,416.23,3
21,582.9,3
11,314.1,3
35,4199.85,1
6,99.77,3
172,3360.79,1
24,371.01,3
97,428.84,3
65,1054.73,3
49,1098.78,3
43,2398.86,3
97,3408.48,1
113,1475.02,3
272,2807.38,3
36,990.62,3
14,168.12,3
139,1446.6,3
27,158.03,3
52,792.11,3
3,41.99,3
554,2729.22,3
35,427.07,3
130,1039.74,3
508,3079.13,3
1,24,3
1,2,3
9,12393.7,1
103,2735.37,3
215,613.44,3
8,101.4,3
372,1666.71,3
33,478.78,3
90,992.71,3
86,407.5,3
211,3358.96,1
94,1415.29,3
151,33366.2,0
147,650.18,3
183,685.86,3
237,1483.31,3
32,211.88,3
28,408.9,3
165,3450.24,1
46,851.01,3
76,628.28,3
101,719.81,3
64,251.24,3
28,439.66,3
32,236.09,3
17,852.12,3
274,50992.6,4
29,331.24,3
98,539.22,3
1134,8667.11,1
22,437.7,3
54,753.88,3
39,855.02,3
28,454.33,3
65,1313.55,3
6,3166.4,3
75,1147.37,3
39,773.99,3
82,1330.5,3
9,243.69,3
310,1099.94,3
10,137.9,3
34,362.06,3
84,1511.95,3
70,783.9,3
8,134.8,3
68,664.85,3
134,2140.22,3
180,1459.86,3
1,-29.95,3
60,1133.46,3
23,335.32,3
74,372.09,3
102,1521.87,3
33,852.15,3
21,326.24,3
23,584.32,3
2,94.35,3
131,2173.53,3
1,79.2,3
21,1352,3
11,176.6,3
226,2800.4,3
29,1257.62,3
38,436.18,3
167,981.51,3
40,1119.31,3
18,315.06,3
53,779.36,3
1,17,3
67,1041.83,3
12,320.62,3
10,185.05,3
67,2005.63,3
39,731.9,3
83,1245.96,3
56,1713.14,3
48,1429.64,3
29,302.36,3
13,336.96,3
6,108.38,3
31,3204.16,3
49,816.1,3
18,611.88,3
354,1337.48,3
16,195.74,3
30,161.38,3
8,135.75,3
281,1651.32,3
35,592.88,3
30,232.21,3
16,423.36,3
32,1294.14,3
207,860.61,3
38,684.42,3
16,307.78,3
16,187.15,3
13,289.35,3
117,6287.77,1
40,656.25,3
88,1875.18,3
78,3506.54,1
365,14305.7,0
38,603.69,3
21,517.55,3
37,709.38,3
1,-7.95,3
31,635.41,3
37,703.77,3
30,620.4,3
37,535.34,3
117,2400.04,3
1,175.2,3
236,3731.78,1
29,734.13,3
21,369.96,3
1,76.32,3
18,280.52,3
132,1846.97,3
29,1829.04,3
88,1804.43,3
139,3024.62,3
19,644.24,3
14,348.2,3
22,1009.45,3
502,5352.97,1
2,37.4,3
7,441.6,3
35,802.53,3
99,3770.6,1
85,1822.97,3
127,1880.42,3
3,73.2,3
68,1135.17,3
87,1406.57,3
23,1009.55,3
58,1037.59,3
15,331.95,3
8,197.9,3
10,210.79,3
176,10217.5,1
11,305.54,3
28,6617.65,1
15,338.71,3
46,1155.54,3
31,529.41,3
218,3981.44,1
296,6836.2,1
67,981.86,3
11,215.48,3
6,215.08,3
150,4872.52,1
19,314.45,3
15,400.681,3
179,1080.62,3
115,1821.52,3
18,365.27,3
36,589.15,3
57,405.71,3
98,761.38,3
63,537.06,3
19,394.38,3
66,664.26,3
46,2262.62,3
123,21086.3,0
24,542.77,3
43,681.19,3
6,159,3
44,1062.75,3
14,242.35,3
37,914.93,3
19,259.39,3
90,3054.87,3
97,864.86,3
134,838.92,3
91,1259.78,3
134,1096.32,3
8,255.12,3
7,308.32,3
47,1010.6,3
35,542.03,3
38,983.23,3
25,422.13,3
48,858.41,3
20,432.2,3
21,372.9,3
142,3693.81,1
660,2600.97,3
295,3598.26,1
51,409.1,3
88,1472.95,3
93,1352.36,3
16,114.56,3
7,152.94,3
69,1800.07,3
24,389.44,3
21,-295.09,3
124,3665.62,1
270,2600.66,3
14,732.63,3
2,46.95,3
135,5203.51,1
18,1035.45,3
120,738.04,3
3,-31.65,3
255,5343.8,1
61,861.89,3
43,657.57,3
53,1123.54,3
134,1423.29,3
25,411.7,3
65,347.45,3
33,559.87,3
6,810.6,3
25,537.83,3
109,1496.68,3
17,2062.06,3
11,168.3,3
167,1526.47,3
109,823.97,3
8,142.5,3
19,280.9,3
120,2236.74,3
79,1328.55,3
22,259.8,3
27,598.2,3
12,212.82,3
167,5305.83,1
22,361.22,3
44,602.27,3
4,2560,3
44,686.67,3
37,616.26,3
16,274.15,3
14,226.37,3
156,2755.56,3
69,1341.65,3
19,328.15,3
3,404.4,3
56,1038.46,3
16,230.7,3
37,326.75,3
1,207.5,3
117,419.32,3
20,510.54,3
320,3085.96,3
319,3844.22,1
41,242.21,3
152,1564.48,3
45,26626.8,0
10,151.05,3
11,214.8,3
20,109.95,3
152,545.17,3
84,1959.38,3
15,322.41,3
47,370.48,3
2,101.1,3
35,555.91,3
91,883.9,3
234,1456.7,3
9,53.5,3
59,1092.07,3
8,153.9,3
28,494.44,3
94,6675.71,1
39,395.8,3
30,199.82,3
34,658.88,3
110,2024.95,3
70,1460.37,3
661,3361.54,1
106,896.66,3
90,652.07,3
5,109.36,3
53,707.04,3
50,1537.47,3
18,327.3,3
128,794.41,3
76,497.43,3
118,1553.66,3
228,1320.56,3
97,367.93,3
108,471.08,3
128,977.52,3
5,676.2,3
23,362.95,3
109,2131.9,3
32,1780.59,3
101,660.86,3
33,584.5,3
59,555.89,3
88,317.2,3
4,94.36,3
35,1362.27,3
45,221.19,3
357,2938.1,3
100,1412.06,3
207,1472.15,3
86,1631.15,3
73,408.57,3
29,303.93,3
198,4061.24,1
59,292.85,3
15,161.05,3
23,443.05,3
5,167.25,3
63,163.07,3
172,2126.93,3
231,2026.78,3
45,214.65,3
35,151.83,3
31,262.2,3
7,126.25,3
54,210.35,3
73,1026.99,3
102,675.27,3
52,959.48,3
399,33805.7,0
17,328.78,3
6,82.56,3
21,302.7,3
362,1865.91,3
9,241.06,3
1,-2.95,3
2,284.55,3
6,300.85,3
83,642.81,3
8,287.4,3
16,179.22,3
109,1522.25,3
132,798.35,3
282,3640.67,1
24,381.2,3
172,614.84,3
85,636.67,3
63,230.51,3
2,2.9,3
34,196.61,3
19,178.39,3
41,625.19,3
11,311.92,3
14,266.97,3
3,-8.15,3
99,1841.18,3
107,2149.32,3
9,208.36,3
202,3482.74,1
134,810.04,3
33,151.42,3
4,102,3
85,1383.7,3
233,1310.13,3
147,1602.16,3
2,74.9,3
181,649.78,3
171,757.44,3
13,223.95,3
19,314.86,3
368,1811.47,3
28,544.3,3
146,2494.46,3
17,331,3
35,300.83,3
53,769.29,3
18,220.62,3
19,139.35,3
26,379.4,3
42,363.65,3
31,492.2,3
39,731.5,3
62,1329.66,3
50,826.53,3
94,662.06,3
97,1562.22,3
134,2925.97,3
16,86.12,3
22,319.1,3
11,400.86,3
86,1421.43,3
83,482.1,3
4,777.6,3
3,90.3,3
13,363.7,3
13,248.1,3
168,940.36,3
34,827.79,3
113,1627.13,3
6,101.7,3
17,162.7,3
41,476.24,3
13,215.08,3
157,1036.62,3
296,9275.67,1
200,11895.6,1
14,277.61,3
14,228.06,3
17,244.41,3
30,455.25,3
77,1244.59,3
4,6748.8,1
178,1018.06,3
30,588.71,3
56,539.02,3
45,1388.81,3
5,119.62,3
3,339.3,3
30,-106.13,3
978,4143.59,1
261,2266.25,3
32,922.12,3
17,379.73,3
86,5664.57,1
74,641.55,3
17,285.89,3
207,3313.79,1
11,281.85,3
473,8241.44,1
58,816.51,3
31,511.12,3
19,1077.74,3
3,173.7,3
19,614.01,3
35,865.6,3
5,124.2,3
130,3576.15,1
106,1285.22,3
58,999.7,3
46,648.41,3
28,451.44,3
1,-30.6,3
11,70.44,3
6,313.62,3
14,233.45,3
31,908.03,3
8,463.95,3
13,225.15,3
33,459.24,3
10,213.5,3
220,4039.44,1
26,325.35,3
53,181.09,3
85,360.16,3
12,250.15,3
7,90.04,3
11,140.7,3
58,764.2,3
31,244.8,3
32,494.73,3
34,482.47,3
174,3038.67,3
280,5450.96,1
6,75.66,3
11,120.99,3
66,1187.66,3
30,618.59,3
22,443.79,3
33,500.42,3
5,151.85,3
97,2630.64,3
16,204.41,3
9,178.96,3
29,813.48,3
5,129.45,3
48,810.57,3
23,333.08,3
184,4379.65,1
20,322.8,3
119,2183.04,3
64,417.73,3
153,2878.15,3
9,217.9,3
72,1124.59,3
94,1671.43,3
52,1169.38,3
12,231.1,3
35,679.83,3
27,487.51,3
62,833.78,3
14,214.06,3
20,265.82,3
24,518.42,3
122,6614.66,1
76,1166.92,3
31,594.97,3
259,3784.44,1
80,8568.24,1
208,933.62,3
8,123.24,3
2,39.12,3
17,810.45,3
9,135.4,3
29,104.94,3
50,520.15,3
20,306.72,3
161,1370.87,3
261,4017.42,1
6,1692.27,3
117,8093.59,1
97,318.96,3
91,1545.97,3
169,3013.44,3
3,129.75,3
10,183.7,3
44,1770.34,3
30,1028,3
277,65257.2,4
62,324.24,3
587,3038.44,3
62,1260.86,3
16,303.26,3
13,208.63,3
3,1276,3
60,482.01,3
10,657.9,3
21,112.75,3
5,1998,3
311,5029.5,1
153,5140.19,1
284,13946.1,1
123,531.35,3
27,656.63,3
79,3029.87,3
401,2470.29,3
22,1651.03,3
445,3635.35,1
626,6804.95,1
94,911.53,3
19,301.72,3
3,319.8,3
236,3278.36,1
45,623.75,3
203,1773.92,3
27,155.24,3
37,292.47,3
228,4711.21,1
43,589.15,3
146,748.57,3
185,1382.02,3
46,272.82,3
265,1042.22,3
653,7012.83,1
83,697.75,3
28,603.75,3
53,650.51,3
128,2269.21,3
1,417.6,3
1,3.75,3
16,312.55,3
4,0,3
193,2191.84,3
238,1272,3
354,6989.5,1
452,6694.31,1
45,826.96,3
69,1515.9,3
95,623.93,3
25,1764.72,3
9,207.5,3
32,214.2,3
2,2002.4,3
176,1484.63,3
13,239.4,3
7,106.83,3
22,369.34,3
43,772.84,3
13,316.62,3
89,1501.38,3
24,594.9,3
705,2736.3,3
1,34,3
34,1145.6,3
221,5560.8,1
58,458.04,3
40,380.39,3
144,733.26,3
247,2186.03,3
24,124.79,3
49,654.92,3
155,1557.51,3
75,388.09,3
49,213.6,3
16,245.94,3
337,9818.35,1
60,425.19,3
19,294.65,3
197,2242.25,3
3,107.6,3
155,597.48,3
5,80.8,3
95,1520.12,3
322,1706.28,3
12,110.38,3
16,243.84,3
274,1168.71,3
66,414.88,3
18,305.62,3
164,1201.49,3
119,867.83,3
24,332.3,3
60,536.99,3
96,450.69,3
103,801.49,3
67,1121.59,3
22,283.38,3
150,912.74,3
16,275.64,3
28,547.07,3
15,479.35,3
433,1668.48,3
322,6488.9,1
28,417.06,3
95,1446.95,3
190,3315.69,1
26,497.61,3
38,358.38,3
26,460.64,3
28,775.18,3
22,341.7,3
8,128.5,3
11,197.22,3
23,325.91,3
12,199.15,3
47,1106.53,3
24,413.46,3
10,180.85,3
11,251.87,3
166,3167.73,3
26,582.9,3
295,15051.8,0
115,1727.82,3
64,1260.44,3
379,10183.8,1
11,214.32,3
12,193.44,3
14,281.42,3
8,124.57,3
19,332.41,3
20,342.45,3
9,144.91,3
19,328.4,3
2,35.4,3
12,306.29,3
72,473.14,3
8,151.65,3
28,481.35,3
11,207.74,3
125,797.14,3
139,2761.49,3
7,680.02,3
289,7066.31,1
123,2023.47,3
158,846.97,3
6,0,3
162,1478.65,3
1,432,3
39,705.12,3
38,276.73,3
26,429.84,3
101,471.51,3
35,193.58,3
135,1578.67,3
202,802.95,3
101,496.84,3
45,145.93,3
67,217.84,3
44,213.03,3
158,431.36,3
124,1274.81,3
78,164.29,3
44,1706.88,3
60,373.24,3
693,3705.69,1
209,3085.48,3
92,579.12,3
149,975.35,3
19,364.14,3
536,1486.79,3
105,2528.67,3
8,113.44,3
38,208.46,3
57,621.68,3
142,571.58,3
9,391.52,3
129,1017.84,3
324,2577.4,3
59,165.99,3
690,6644.73,1
86,728.19,3
14,230.25,3
6,543.05,3
213,2781.5,3
77,1295.39,3
51,375.23,3
890,4584.72,1
53,161.94,3
49,530.08,3
62,950.93,3
57,262.68,3
241,1900.18,3
304,3039.68,3
283,1894.11,3
33,816.73,3
249,4345.5,1
17,344.08,3
19,435.02,3
60,1156.23,3
42,1178.56,3
87,1262.75,3
15,154.86,3
1,20.8,3
54,2085.08,3
26,493.67,3
18,292.34,3
16,416.64,3
7,117.35,3
101,507.05,3
14,234.17,3
7,110.55,3
26,201.19,3
31,2148.47,3
21,319.02,3
31,439.43,3
42,650.41,3
42,232.21,3
2,251.52,3
39,344.33,3
91,1809.05,3
85,1039.36,3
22,384.06,3
148,1913.45,3
415,4372.57,1
121,5461.62,1
3,1873.2,3
129,1625.05,3
7,126.12,3
12,1133.25,3
1,179,3
95,1601.86,3
1,-1.25,3
41,1427.46,3
12,702,3
6,287.02,3
23,484.82,3
1,2,3
1,1,3
1,12,3
1,2,3
1,1,3
169,3989.57,1
50,1487.78,3
44,1412.94,3
44,781.78,3
52,867.35,3
12,185.46,3
15,270.9,3
75,565.58,3
209,1790.88,3
268,8574.11,1
16,920.1,3
229,1255.58,3
7,71,3
3,95.85,3
9,357.77,3
4,154.83,3
155,848.59,3
2,716,3
11,146.87,3
22,380.35,3
28,1030.14,3
32,734.57,3
32,388.33,3
77,1253.22,3
22,112.4,3
15,449.73,3
71,1065.77,3
95,1015.46,3
101,1730.14,3
10,897.43,3
22,339.44,3
22,642.02,3
64,1090.7,3
48,864.32,3
322,5594.78,1
312,3196.29,3
43,247.14,3
92,413.75,3
13,445.38,3
79,1275.83,3
62,1179.89,3
512,3074.44,3
5,234.24,3
101,5116.13,1
71,534.47,3
82,1421.59,3
62,859.35,3
1,-112.35,3
297,4531.34,1
152,2641.57,3
64,312.14,3
147,2380.44,3
173,1442.84,3
80,813.77,3
25,841.08,3
26,303.32,3
2,118.8,3
9,285.5,3
64,290.16,3
80,1998.9,3
52,1405.78,3
162,2949.75,3
186,1539.15,3
96,2050.08,3
114,1977.51,3
64,2041.85,3
198,3802.81,1
124,1751.13,3
15,270.2,3
76,1068.4,3
52,992.68,3
210,923.07,3
65,971.74,3
41,1616.69,3
1,25.5,3
90,665.78,3
417,10350.7,1
119,863.53,3
12,163.3,3
30,248.61,3
135,747.22,3
43,806.9,3
9,116.2,3
10,157.02,3
37,573.81,3
18,307.46,3
7,138.32,3
9,345.3,3
31,294.21,3
40,259.35,3
261,989.3,3
12,136.69,3
134,2463.17,3
27,4892.24,1
24,425,3
52,1139.73,3
24,380.5,3
486,10565.8,1
20,465.32,3
15,579,3
48,984.57,3
35,749.78,3
85,1679.64,3
9,124.88,3
16,1503.5,3
14,213.78,3
23,329.34,3
20,251.7,3
15,306.55,3
67,1266.97,3
101,1529.69,3
229,3518.03,1
95,1568.97,3
5,293.1,3
145,2466.4,3
10,158.68,3
14,189.49,3
60,816.88,3
16,224.91,3
16,313.26,3
85,3653.65,1
4,59.9,3
64,1430.94,3
15,306.13,3
80,711.79,3
130,775.34,3
23,239.92,3
76,3286.91,1
2,144,3
10,203.95,3
89,2275.58,3
60,382.12,3
20,249.74,3
236,2093.88,3
35,1674.46,3
29,262.62,3
29,1013.01,3
95,687.18,3
38,340.03,3
152,3563.85,1
67,1352.91,3
13,384.08,3
7,204.24,3
213,2299.67,3
4,226.85,3
164,2741.08,3
104,984.12,3
9,113.5,3
274,1960.72,3
25,114.23,3
472,3198.25,3
61,325.77,3
28,354.15,3
48,425.14,3
21,393.49,3
47,939.32,3
205,1868.65,3
47,318.76,3
73,3466.67,1
537,3104.09,3
36,421.52,3
25,190.88,3
14,149.89,3
29,550.06,3
105,916.13,3
19,314.69,3
566,3744.65,1
16,379.95,3
40,1135.04,3
406,8603.05,1
31,954.9,3
9,171.45,3
55,282.19,3
69,318.65,3
57,384.52,3
39,283.28,3
85,351.38,3
18,178.26,3
112,272.44,3
77,296.46,3
16,240,3
124,603.37,3
12,1253.36,3
23,63.44,3
123,539,3
80,310.64,3
38,317.62,3
6,763.64,3
113,2118.91,3
27,111.98,3
69,1065.35,3
15,246.04,3
9,187.83,3
92,1686.91,3
294,1641.68,3
45,153.92,3
123,1059.07,3
139,1417.78,3
107,915.1,3
101,512.49,3
1,550.8,3
134,1811.36,3
69,556.95,3
47,128.8,3
29,494.62,3
57,669.11,3
66,197.63,3
81,1119.93,3
52,247.94,3
69,8600.73,1
1,-152.64,3
12,82.75,3
55,1384.85,3
14,644.3,3
28,2288.13,3
135,2509.72,3
486,6194.56,1
11,2524.02,3
73,1200.62,3
107,700.86,3
204,908.99,3
50,990.23,3
6,96.8,3
33,523.11,3
6,363.9,3
1,175.2,3
28,494.25,3
12,306.6,3
542,1925.25,3
750,6583.67,1
9,243.36,3
422,11856.6,1
182,776.32,3
17,193.64,3
32,160.57,3
87,537.74,3
502,2606.63,3
1,228.96,3
214,1154.48,3
9,110.75,3
72,1256.19,3
27,587.15,3
8,1740,3
16,1393.06,3
19,178.22,3
45,388.14,3
55,349.92,3
15,127.86,3
132,585.79,3
29,488.2,3
35,312.23,3
412,4447.74,1
468,4801.56,1
32,166.7,3
121,1327.42,3
33,446.18,3
87,423.89,3
252,1329.93,3
57,646.92,3
28,495.77,3
70,362,3
24,203.2,3
408,3865.8,1
83,404.66,3
110,20272.4,0
2,65.4,3
51,199.29,3
15,336.4,3
46,256.43,3
28,2686.42,3
78,784.11,3
15,1259.56,3
216,29878.2,0
3,508.8,3
62,457.91,3
4,203.87,3
27,7330.8,1
92,696.41,3
38,653.38,3
203,2073.87,3
58,2618.25,3
33,281.62,3
199,30088.4,0
92,957.14,3
116,1928.72,3
2,32.65,3
12,752.05,3
64,1214.72,3
43,748.94,3
66,1258.06,3
6,778,3
14,507.84,3
270,6827.84,1
30,463.46,3
207,4161.37,1
30,598.83,3
135,1853.13,3
28,663.63,3
43,759.17,3
271,5017.22,1
2,100.8,3
341,17059.7,0
41,509.84,3
14,265.76,3
43,403.3,3
48,365.76,3
53,301.86,3
137,2323.54,3
9,216.3,3
19,378.3,3
8,177.1,3
139,2199.76,3
1,534.24,3
132,2883.24,3
9,120.9,3
36,541.53,3
1,-4287.63,3
276,2498.56,3
351,187482,2
106,1631.61,3
19,486.72,3
61,517.53,3
8,131.7,3
17,249.86,3
19,1737.7,3
54,316.5,3
111,657.3,3
37,452.63,3
111,757.46,3
28,662.94,3
219,1881.36,3
9,289.96,3
41,763.28,3
5,137,3
90,1843.06,3
78,1125.07,3
179,700.39,3
14,194.37,3
31,506.51,3
83,1249.34,3
21,414.04,3
23,379.17,3
29,376.64,3
86,1926.88,3
102,3412.92,1
12,374.57,3
27,497.56,3
10,271.05,3
17,272.22,3
39,612.38,3
5,1138,3
18,288.6,3
28,689.1,3
37,553.92,3
135,2669.38,3
52,1145.84,3
16,294.29,3
84,592.58,3
22,387.31,3
369,6100.74,1
20,308.48,3
1073,88021.7,4
106,2920.04,3
6,513.2,3
40,208.65,3
85,632.72,3
136,762.88,3
11,153.94,3
83,1839.07,3
30,546.81,3
46,721.96,3
68,1005.19,3
33,652.74,3
6,145,3
9,422.7,3
23,706.7,3
49,888.86,3
258,3530.02,1
394,2385,3
15,293.45,3
9,223.36,3
13,164.4,3
3,76.5,3
75,897.62,3
9,98.42,3
26,570.4,3
25,170.75,3
143,628.17,3
2,-11.8,3
17,-141.48,3
6,148.86,3
42,267.16,3
42,296.64,3
51,909.96,3
2,1487.6,3
88,1952.45,3
105,478.22,3
6,157.9,3
32,527.42,3
27,854.95,3
45,162.94,3
64,1107.38,3
49,454.01,3
151,896.17,3
177,4012.56,1
29,344.14,3
299,1498.51,3
11,209.05,3
26,362.9,3
8,185.65,3
413,3442.83,1
6,124.74,3
52,440.2,3
45,215.72,3
452,10736.1,1
29,175.27,3
36,1227.3,3
210,1093.08,3
23,1240.2,3
251,2390.02,3
200,1474.54,3
167,2215.02,3
213,3851.56,1
50,993.18,3
83,388.79,3
269,2824.63,3
55,2044.37,3
13,161.67,3
9,116.01,3
564,5020.77,1
15,-1165.3,3
62,302.61,3
59,193.42,3
236,1100.62,3
576,3911.24,1
142,1992.76,3
315,4471.92,1
100,390.07,3
14,329.6,3
3,571.2,3
77,958.83,3
77,218.52,3
4,81.44,3
27,1336.1,3
33,527.05,3
50,843.48,3
312,2015.35,3
5,75.75,3
124,1784.12,3
26,503.6,3
37,499.17,3
71,1222.54,3
296,2355.67,3
24,265.93,3
35,547.06,3
6,101.75,3
5,621.66,3
40,712.29,3
8,101.55,3
169,2768.98,3
53,975.86,3
7,133.06,3
92,1789.55,3
53,861.74,3
8,166.08,3
239,3886.67,1
269,4717.33,1
50,1175.88,3
22,117.55,3
93,2571.74,3
82,1674.69,3
20,409.32,3
161,2954.75,3
45,196,3
90,1788.27,3
43,604.64,3
18,728.16,3
116,2039.91,3
15,347.75,3
68,3406.72,1
11,205.7,3
61,1284.08,3
115,3106.62,3
227,1615.62,3
27,551.04,3
718,20010.3,0
79,1383.27,3
320,16011.7,0
15,282.51,3
30,1992.11,3
11,184.4,3
119,2459.33,3
15,239.41,3
130,3191.53,3
284,5660.26,1
257,4740,1
19,290.4,3
46,688.44,3
18,187.02,3
15,283.12,3
35,765.34,3
124,2191.15,3
18,299.35,3
8,154.95,3
145,2503.85,3
24,417.95,3
80,1719.72,3
55,798.74,3
31,885.19,3
108,1781.12,3
392,10045.5,1
5,152.4,3
35,267.08,3
7,137.45,3
23,385.1,3
29,522.91,3
9,138,3
1,326.4,3
253,5480.29,1
6,139.35,3
278,5367.8,1
50,1195.94,3
119,2360.84,3
10,3276.4,1
45,995.65,3
188,3233.13,3
67,1042.55,3
169,2515.68,3
211,5131.75,1
83,878.2,3
18,303.97,3
35,692.19,3
43,700.63,3
689,13086.6,1
26,337.49,3
10,168.24,3
99,1863.35,3
48,2786.05,3
15,355.11,3
135,2245.48,3
8,98.8,3
2,64.65,3
35,674.52,3
183,1715.74,3
1,80.64,3
93,1739.92,3
735,5564.69,1
408,3444.82,1
95,834.99,3
25,287.59,3
19,712.78,3
1,15,3
75,818.82,3
57,371.88,3
21,271.2,3
105,2273.18,3
311,3950.55,1
38,1143.27,3
54,245.81,3
53,182.77,3
157,1215.46,3
3,56.4,3
194,665.86,3
84,642.17,3
12,188.02,3
65,275.48,3
13,131.94,3
72,278.74,3
134,1865.19,3
5,1117.9,3
14,225.9,3
190,1965.55,3
10,106.1,3
58,323.04,3
46,350.39,3
78,638.5,3
109,756.64,3
403,2972.08,3
104,1199.01,3
145,1253.14,3
10,512.31,3
41,539.56,3
63,4378.62,1
862,7656.91,1
141,732.16,3
377,1712.5,3
17,36.56,3
33,387.68,3
49,3661.07,1
5,-24.05,3
13,298.4,3
219,1990.42,3
82,1599.97,3
29,864.04,3
23,398.7,3
2,35.4,3
59,146.01,3
60,345.96,3
24,110.21,3
172,1560.53,3
132,2162.7,3
56,338.8,3
7931,40013.3,0
37,205.48,3
5,51.56,3
1,2033.1,3
51,901.2,3
26,605.8,3
312,5288.63,1
24,114.34,3
15,311.26,3
17,208.97,3
17,1393.79,3
56,26763.3,0
198,5149.06,1
25,148.21,3
58,252.8,3
222,2054.16,3
11,330.9,3
146,3139.84,3
102,597.5,3
381,10039.1,1
10,325.7,3
81,622.75,3
40,428.18,3
278,1880.04,3
10,155.9,3
41,1703.16,3
47,658.26,3
12,237.61,3
26,379.45,3
6,178.52,3
26,458.92,3
8,133.35,3
145,671.77,3
117,717.45,3
64,190.19,3
108,897.51,3
10,111.35,3
77,525.78,3
21,203.87,3
94,602.09,3
31,188.74,3
28,244.1,3
15,107.21,3
193,1119.81,3
16,98,3
2,256.32,3
114,540.45,3
28,152.06,3
32,155.8,3
11,15,3
19,110.38,3
39,178.92,3
34,800.24,3
12,72.9,3
58,243.28,3
39,366.23,3
40,295.61,3
59,411.6,3
80,336.43,3
94,341.28,3
23,1304.04,3
695,4202,1
144,819.77,3
1,207.5,3
38,2894.33,3
1,244.08,3
21,397.29,3
23,212.54,3
6,834.5,3
39,1740.48,3
64,403.41,3
90,1331.57,3
21,704.25,3
29,145.79,3
77,389.84,3
43,4301.22,1
12,99.14,3
23,1983.58,3
2,304.56,3
2,77.5,3
20,149.58,3
8,171.64,3
1,358.56,3
79,52750.8,4
72,472.12,3
21,990.84,3
483,2255.95,3
19,557.3,3
1,12.75,3
31,111.68,3
7,508.46,3
26,73.78,3
249,1296.44,3
35,102.83,3
104,471.7,3
326,2608.53,3
68,1098.43,3
48,123.07,3
85,277.35,3
14,228.2,3
31,582.59,3
31,136.04,3
15,337.04,3
178,735.75,3
295,4386.11,1
65,353.19,3
21,288.14,3
12,300.92,3
145,731.21,3
30,811.45,3
48,152.68,3
23,634.95,3
1,20.8,3
13,198.57,3
39,191.17,3
29,630.84,3
5,93.35,3
84,629.69,3
2,76.1,3
178,1492.58,3
91,378.46,3
1,1,3
1,1,3
1,1,3
1,2,3
1,2,3
1,12,3
58,417.23,3
40,169.47,3
59,247.62,3
22,444.68,3
30,2116.19,3
33,252.24,3
14,174.8,3
28,102.79,3
31,187.29,3
32,166.42,3
46,120.03,3
123,1483.56,3
3,523,3
29,122.14,3
5,38.45,3
190,663.07,3
22,236.78,3
21,115.31,3
10,220.7,3
5,73.5,3
34,97.97,3
111,422.49,3
52,725.36,3
96,405.62,3
19,70.02,3
19,357.2,3
468,4028.06,1
7,165.05,3
121,559.51,3
125,2070.53,3
47,189.4,3
7,172.29,3
5,74.4,3
21,297.07,3
360,6688.24,1
19,363.65,3
3,170.16,3
19,278.47,3
45,2114.37,3
27,720.52,3
7,814,3
138,2380.08,3
10,318,3
37,396.33,3
1,101.7,3
457,1995.65,3
25,453,3
34,-2.66454e-14,3
76,3864.44,1
13,489.6,3
152,2528.52,3
227,2633.01,3
29,336.13,3
125,3641.89,1
2,1231.5,3
17,343.45,3
73,703.37,3
2,87.53,3
29,689.95,3
7,101.34,3
7,3770.12,1
39,167.67,3
90,9065.76,1
38,2083.42,3
70,3017.3,3
17,517.65,3
209,896.72,3
109,2692.85,3
19,168.31,3
41,223.65,3
433,256438,2
38,754.64,3
18,113.48,3
39,430.7,3
19,264.65,3
451,7900.39,1
49,206.05,3
26,352.69,3
1,76.32,3
26,217.5,3
371,1409.73,3
72,302,3
1270,5577.08,1
30,181.12,3
17,111.15,3
32,673.1,3
361,1819.03,3
35,580.08,3
196,1130.09,3
55,204.55,3
45,323.23,3
14,112.55,3
68,1023.24,3
2,715.5,3
20,681.91,3
39,761.83,3
8,152.65,3
159,8347.86,1
1,-35.4,3
18,1014.9,3
61,1000.16,3
43,2888.75,3
221,2861.55,3
10,160.35,3
7,179.34,3
16,612.08,3
37,566.58,3
38,653.35,3
21,399.19,3
28,347.82,3
139,715.14,3
35,451.75,3
23,530.15,3
39,638.06,3
81,1612.79,3
25,394.7,3
10,302.46,3
42,1304.51,3
140,1133.64,3
9,202.65,3
38,980.31,3
56,1208.51,3
197,7490.17,1
31,2106.84,3
1,104,3
33,448.65,3
75,1314.17,3
99,1573.41,3
90,1793.17,3
118,1838.71,3
44,382.8,3
42,569.32,3
1,49.8,3
17,304.25,3
72,1998.49,3
69,1084.34,3
16,274.51,3
7,207.8,3
45,957.97,3
18,212.96,3
9,896,3
141,689.13,3
166,5083.06,1
32,163.8,3
68,1396.99,3
19,160.42,3
195,1925.35,3
32,517.36,3
8,139.1,3
134,2621.38,3
42,600.07,3
43,248.42,3
15,232.48,3
13,299.34,3
26,481.75,3
31,621.75,3
24,626.38,3
115,2019.77,3
4,297.78,3
64,1023.31,3
19,443,3
299,6315.23,1
10,158.95,3
284,5350.94,1
244,5183.7,1
5,93.75,3
32,769.2,3
162,7216.9,1
89,2716.6,3
126,2066.17,3
39,562.67,3
1,440,3
104,1796.48,3
49,882.24,3
61,987.1,3
87,1541.81,3
6,422.58,3
105,2058.09,3
78,2232.49,3
172,2467.6,3
4,596.1,3
49,783.02,3
8,95.34,3
22,342.92,3
16,4314.72,1
98,526.67,3
6,103.3,3
4,-50.1,3
123,2265.38,3
42,2338.6,3
140,2595,3
21,324.24,3
13,149.48,3
62,1211.08,3
46,801.51,3
2,0,3
8,138.9,3
13,238.95,3
170,3064.78,3
22,1.24345e-14,3
16,323.36,3
9,97.63,3
9,173.9,3
10,180.6,3
7,80.82,3
13,176.6,3
756,2094.88,3
70,1837.28,3
1,192,3
1,1,3
1,1,3
1,12,3
25,1700,3
1,1,3
1,2,3
1,12,3
1,1,3
1,72,3
2,4,3
1,12,3
1,12,3
1,48,3
1,6,3
1,48,3
1,1,3
1,12,3
1,2,3
1,12,3
1,12,3
1,2,3
1,12,3
1,12,3
1,12,3
1,3,3
1,12,3
1,1,3
1,24,3
1,1,3
1,1,3
1,1,3
1,192,3
1,4,3
1,12,3
1,2,3
